{
  "author": {
    "email": "openig@neogeo-technologies.fr",
    "name": "Plateforme OPenIG"
  },
  "description": "La BD TOPO® version 3.0 contient une description vectorielle 3D (structurée en objets) des éléments du territoire et de ses infrastructures, de précision métrique. Les objets de la BDTOPO® sont structurés en thèmes : • l'administratif • les adresses • le bâti • l'hydrographie • les lieux nommés • l'occupation du sol • les services et activités • le transport • les zones réglementées Le processus de production 3D permet de fournir l'altimétrie des objets, ainsi que la hauteur des bâtiments. Le relief est décrit sous forme de modèles numériques de terrain (MNT). Dans la version 3.0, tous les objets possèdent un identifiant unique et stable dans le temps.",
  "keywords": [
    "non",
    "renseigné"
  ],
  "license": {
    "title": "Licence Ouverte Version 2.0",
    "type": "lov2",
    "url": "https://www.etalab.gouv.fr/licence-ouverte-open-licence"
  },
  "name": "rge-bd-topo-v30-haute-garonne-032019",
  "resources": [
    {
      "format": "SHP",
      "name": "toponymie-lieux-nommes-d031-2019-03-19-zip",
      "path": "toponymie-lieux-nommes-d031-2019-03-19-zip.shp",
      "sources": [
        {
          "path": "https://ckan.openig.org/dataset/c22952ed-ac76-4ea2-97f8-5c68c0bfc584/resource/52b5a051-74a0-4d13-8019-41f08e2ce2d8/download/openigtoponymie_lieux_nommes_b6bf0cb",
          "title": "TOPONYMIE_LIEUX_NOMMES_D031_2019-03-19.zip"
        }
      ],
      "title": "TOPONYMIE_LIEUX_NOMMES_D031_2019-03-19.zip"
    }
  ],
  "sources": [
    {
      "email": "sav.bd@ign.fr",
      "name": "Institut national de l'information géographique et forestière (IGN-F)"
    }
  ],
  "title": "RGE BD TOPO® v3.0 – Haute-Garonne 03/2019"
}